{"cameraMode":{"drawMode":0,"name":"Shaded","section":"Shading Mode"},"sceneLighting":false,"audioPlay":false,"sceneViewState":{"m_AlwaysRefresh":false,"showFog":true,"showSkybox":false,"showFlares":true,"showImageEffects":true,"showParticleSystems":true,"showVisualEffectGraphs":true,"m_FxEnabled":true},"in2DMode":false,"pivot":{"x":8.630000114440918,"y":0.5299999713897705,"z":2.384185791015625e-7},"rotation":{"x":-0.04176514968276024,"y":-0.1981077939271927,"z":0.008348392322659493,"w":-0.9793784618377686},"size":1.7933449745178223,"orthographic":false}